product_code,category_id
bb101,1463
bb105,1461
bb200,154
bb201,1463
bb205,1461
BD1000,46159
BD1010,46159
BD1012,46159
BD1020,46159
BD1022,46159
BD1030,46159
BD1032,46159
BD1040,46159
BD1050,46159
BD1051,46160
BD1052,46159
BD1053,46160
BD1055,46161
BD1190,46103
BD1191,46122
BD1192,46103
BD1193,46122
BD1194,46158
BD1195,46158
BD1196,46103
BD1198,46103
BD1280,46103
BD1281,46122
BD1285,46158
BD2500,46230
BD2510,46230
BD2520,46230
BD860,46124
BD861,46126
BD862,46124
BD863,46126
BD865,46127
BD870,46124
BD871,46126
BD872,46124
BD873,46126
BD875,46127
bn08000,46196
bn08010,46196
bn08020,46196
bn08030,46196
bn08040,46196
bn08050,46196
bn08060,46196
bn08070,46196
bn08080,46196
bn08090,46196
cb00220,154
cb00221,1463
cb00225,1461
cb00230,30019
cb00231,1463
cb00235,1461
cb00240,121
cb00241,1463
cb00245,1461
cb00250,30019
cb00251,1463
cb00255,1461
cb1630,63
cb1645,63
cb3000,46206
cb3001,46207
cb3005,46208
cb3010,46206
cb3011,46207
cb3015,46208
cb3020,46206
cb3021,46207
cb3025,46208
cb3030,46206
cb3031,46207
cb3035,46208
cb3040,46206
cb3050,46206
cb3060,46206
cb3070,46206
cb3080,46206
cb3081,46207
cb3085,46208
cb3090,46206
cb3091,46207
cb3095,46208
cb3100,46206
cb3101,46207
cb3105,46208
cb3110,46208
cb3120,46208
cb3130,46206
cb3131,46207
cb3135,46208
cb3140,46208
cb3150,46208
cb3160,46206
cb3161,46207
cb3165,46208
cb3170,46206
cb3171,46207
cb3175,46208
cb3180,46206
cb3181,46207
cb3185,46208
cb3190,46206
cb3191,46207
cb3195,46208
cb3200,46206
cb3201,46207
cb3205,46208
cb3210,46206
cb3211,46207
cb3215,46208
cb3220,46206
cb3221,46207
cb3225,46208
cb3230,46206
cb3231,46207
cb3235,46208
cb3350,159
cb3351,46207
cb3355,46208
cb3360,159
cb3361,46207
cb3365,46208
cb3370,1635
cb3371,46207
cb3375,46208
cb3500,46203
cb3502,46203
cb3510,46203
cb3511,46204
cb3515,46205
cb3520,46203
cb3521,46204
cb3530,46203
cb3531,46204
cb3535,46205
cb3540,46203
cb3541,46204
cb3550,46203
cb3551,46204
cb3555,46205
cb3560,46203
cb3561,46204
cb3570,46203
cb3571,46204
cb3575,46205
cb3580,46203
cb3581,46204
cb3590,46203
cb3592,46203
cb3600,46203
cb3610,46203
cb3620,46203
cb3630,46203
cb3640,46203
cb3650,46203
cb3660,46203
cb3670,46203
cb3680,46203
cb3681,46204
cb3685,46205
cb3690,46205
cb3700,46205
cb3710,46205
cb3720,46205
cb3730,46205
cb3740,46205
cb3750,46205
cb3760,46205
cb3770,46205
cb3780,46205
cb3790,46205
cb3800,46205
cb3810,46205
cb3820,46205
cb3830,46203
cb41800,154
cb41801,1463
cb41805,1461
cb42920,29295
es601,516
es605,1609
es611,516
es615,1609
es621,516
es625,1609
es631,516
es635,1609
es641,516
es645,1609
es651,6955
es655,5922
es661,6955
es665,5922
es671,6955
es675,5922
mk3000,7021
mk3001,7937
mk3002,7021
mk3003,7937
mk3005,7936
mk3020,7021
mk3021,7937
mk3022,7021
mk3023,7937
mk3025,7936
mk3080,7021
mk3081,7937
mk3082,7021
mk3083,7937
mk3085,7936
mk3100,7021
mk3101,7937
mk3102,7021
mk3103,7937
mk3105,7936
mk3210,14476
mk3220,14476
mk3230,2015
mk3240,2015
mk3250,2015
mk3260,2015
mk3270,2015
mk3280,2015
mk3290,14476
mk3300,2015
mk3310,2015
mk40860,5446
mk40861,0
mk40862,6521
mk40863,6883
mk40865,6884
mk40870,5446
mk40871,0
mk40872,6521
mk40873,6883
mk40875,6884
mk40880,5446
mk40881,0
mk40882,6521
mk40883,6883
mk40885,6884
mk40890,5446
mk40891,0
mk40892,6521
mk40893,6883
mk40895,6884
mk40900,5446
mk40901,0
mk40902,6521
mk40903,6883
mk40905,6884
mk40910,5446
mk40911,0
mk40912,6521
mk40913,6883
mk40915,6884
MK70184,7936
mk70970,34078
mk70971,7937
mk70972,34078
mk70973,7937
mk70975,7936
mk70980,34078
mk70981,7937
mk70982,34078
mk70983,7937
mk70985,7936
mk70990,46163
mk70992,46163
mk70994,46163
mk70995,46163
na190,1304
na2800,33536
na2801,1658
na5000,899
na5002,899
na5010,899
na5012,899
na5020,899
na5022,899
na5032,899
na5040,33340
na6000,899
na6001,896
na6002,899
na6003,896
na6010,899
na6011,896
na6012,899
na6013,896
na6020,899
na6021,896
na6022,899
na6023,896
na6030,899
na6031,896
na6032,899
na6033,896
na6040,899
na6041,896
na6042,899
na6043,896
na6500,899
na6502,899
na6510,899
na6512,899
na6520,899
na6522,899
na6530,899
na6532,899
na6540,899
na6542,899
na6550,899
na6552,899
nv1081,46174
nv1082,46167
nv1083,46174
nv1085,46189
nv1561,46174
nv1562,46167
nv1563,46174
nv1565,46189
nv341,46174
nv342,46167
nv343,46174
nv345,46189
nv950,46175
nv982,46175
nv988,46175
og01000,282
og01001,7564
og01005,7935
og01010,282
og01011,7564
og01020,282
og01021,7564
og01030,282
og01031,7564
og01040,282
og01041,7564
og01050,282
og01051,7564
og01060,282
og01061,7564
og01070,282
og01071,7564
og01080,282
og01081,7564
og01090,282
og01091,7564
og07000,282
og07001,7564
og07010,284
og07011,7564
og07015,7935
og07020,284
og07021,7564
og07030,284
og07031,7564
og07040,284
og07041,7564
og07050,284
og07051,7564
og07060,284
og07061,7564
og07070,284
og07071,7564
og07080,284
og07081,7564
og07090,284
og07091,7564
og07100,284
og07101,7564
og08010,285
og08011,7564
og08015,7935
og08020,285
og08021,7564
og08030,285
og08031,7564
og08040,285
og08041,7564
og08050,285
og08051,7564
og08060,285
og08061,7564
og08070,285
og08071,7564
og08080,285
og08081,7564
og08090,285
og08091,7564
og09000,285
og09001,7564
og09010,286
og09011,7564
og09015,7935
og09020,286
og09021,7564
og09030,286
og09031,7564
og09040,286
og09041,7564
og09050,286
og09051,7564
og09060,286
og09061,7564
og09070,286
og09071,7564
og09080,286
og09081,7564
og09090,286
og09091,7564
og10000,286
og10001,7564
og10010,286
og10011,7564
og10020,286
og10021,7564
og10030,286
og10031,7564
og10050,286
og10051,7564
og10060,286
og10061,7564
og10070,286
og10071,7564
og10080,286
og10081,7564
og10090,286
og10091,7564
og10100,287
og10101,7564
og10105,7935
og10110,287
og10111,7564
og10120,287
og10121,7564
og10130,287
og10131,7564
og10140,287
og10141,7564
og10150,287
og10151,7564
og10160,287
og10161,7564
og11070,287
og11071,7564
og11080,287
og11081,7564
og11090,287
og11091,7564
og12000,287
og12001,7564
og12010,287
og12011,7564
og12020,289
og12021,7564
og12025,7935
og12030,289
og12031,7564
og12040,289
og12041,7564
og12050,289
og12051,7564
og12060,289
og12061,7564
og12070,289
og12071,7564
og12080,289
og12081,7564
og12090,289
og12091,7564
og13000,289
og13001,7564
og13010,289
og13011,7564
og13020,289
og13021,7564
og13030,289
og13031,7564
og13040,289
og13041,7564
og13050,289
og13051,7564
og13060,290
og13061,7564
og13065,7935
og13070,290
og13071,7564
og13080,290
og13081,7564
og13090,290
og13091,7564
og14000,290
og14001,7564
og14010,290
og14011,7564
og14020,290
og14021,7564
og14030,290
og14031,7564
og14040,293
og14041,7564
og14045,7935
og14050,293
og14051,7564
og14060,293
og14061,7564
og14070,293
og14071,7564
og14080,293
og14081,7564
og14090,293
og14091,7564
og15000,293
og15001,7564
og15010,293
og15011,7564
og15020,293
og15021,7564
og15030,294
og15031,7564
og15035,7935
og15040,294
og15041,7564
og15050,294
og15051,7564
og15060,294
og15061,7564
og15070,294
og15071,7564
og15080,294
og15081,7564
og15090,295
og15091,7564
og15095,7935
og16000,295
og16001,7564
og16010,295
og16011,7564
og16020,295
og16021,7564
og16030,295
og16031,7564
og16040,295
og16041,7564
og16050,295
og16051,7564
og16060,296
og16061,7564
og16065,7935
og16070,296
og16071,7564
og16080,296
og16081,7564
og16090,296
og16091,7564
og17000,296
og17001,7564
og17010,296
og17011,7564
og17020,296
og17021,7564
og17030,297
og17031,7564
og17035,7935
og17040,297
og17041,7564
og17050,297
og17051,7564
og17060,297
og17061,7564
og17070,297
og17071,7564
og17080,297
og17081,7564
og17090,298
og17091,7564
og17095,7935
og18000,298
og18001,7564
og18010,298
og18011,7564
og18020,298
og18021,7564
og18030,298
og18031,7564
og18040,298
og18041,7564
og18050,298
og18051,7564
og18060,298
og18061,7564
og18070,298
og18071,7564
og18080,298
og18081,7564
og18090,399
og18091,7564
og180915,7935
og19000,399
og19001,7564
og19010,399
og19011,7564
og19020,399
og19021,7564
og19030,399
og19031,7564
og19040,399
og19041,7564
og19045,7935
og19050,399
og19051,7564
og19060,399
og19070,399
og19080,399
og19090,399
og19100,399
og19110,399
og19120,399
og19130,399
og19140,399
og19150,399
og19160,399
og19170,399
og19180,399
og20000,7564
og20010,7564
og20020,7564
og20030,7564
og20040,7564
og20050,7564
og20060,7564
og20070,7564
og20080,7564
og20090,7564
og20100,7564
og20110,7564
og20120,7564
og20130,7564
og20140,7564
or11000,46197
or11001,46198
or11005,46199
or11020,46197
or11021,46198
or11025,46199
or11030,46197
or11031,46198
or11035,46199
or11040,46197
or11041,46198
or11045,46199
or11050,46197
or11051,46198
or11055,46199
or11060,46197
or11061,46198
or11065,46199
or11070,46197
or11071,46198
or11075,46199
or11080,46197
or11081,46198
or11085,46199
or25350,30303
or25600,185
or25601,1663
or25605,1664
or25610,18776
or25611,1663
or25615,1664
or25620,18776
or25621,1663
or25625,1664
or25630,18776
or25631,1663
or25635,1664
or25640,1314
or27222,46039
or27223,#N/A
or27242,46039
or27243,1964
or29335,1314
or29375,1314
or29415,1314
or29455,1314
or30000,187
or30001,1663
or30002,187
or30003,1663
or30005,1664
or30010,187
or30011,1663
or30012,187
or30013,1663
or30015,1664
or30020,187
or30021,1663
or30022,187
or30023,1663
or30030,187
or30031,1663
or30032,187
or30033,1663
or30040,187
or30041,1663
or30042,187
or30043,1663
or30047,1663
or30050,187
or30051,1663
or30052,187
or30053,1663
or30060,187
or30061,1663
or30062,187
or30063,1663
or30065,1664
or30070,187
or30071,1663
or30075,1664
or30080,187
or30081,1663
or30085,1664
or30090,187
or30091,1663
or30095,1664
or30100,187
or30101,1663
or30105,1664
or30110,187
or30111,1663
or30112,187
or30113,1663
or30115,1664
or30120,187
or30130,187
or30131,1663
or30132,187
or30133,1663
or30135,1664
or30140,187
or30141,1663
or30145,1664
or30150,187
or30151,1663
or30155,1664
or30160,187
or30161,1663
or30170,187
or30171,1663
or30180,151
or30190,897
or30200,187
or47500,1671
or47501,1673
or47505,1672
or47510,1671
or47511,1673
or47515,1672
or47520,1671
or47521,1673
or47525,1672
or47530,1671
or47531,1673
or47535,1672
or47540,1671
or47541,1673
or47545,1672
or47550,1671
or47551,1673
or47555,1672
or50910,1671
or50911,1673
or50915,1672
or50920,1671
or50921,1673
or50925,1672
or50930,1671
or50931,1673
or50935,1672
or50940,1671
or50941,1673
or50945,1672
or50950,1671
or50951,1673
or50955,1672
or50960,1671
or50961,1673
or50965,1672
or55852,46200
or55853,46201
or55855,46202
or55862,46200
or55863,46201
or55865,46202
or55872,46200
or55873,46201
or55875,46202
or55882,46200
or55883,46201
or55885,46202
or55892,46200
or55893,46201
or55895,46202
or55902,46200
or55903,46201
or55905,46202
or56294,1638
or56445,1636
or59922,8142
or59923,1984
or73712,46133
or73713,46138
or73715,46139
or73722,46133
or73723,46138
or73725,46139
or73732,46133
or73733,46138
or73735,46139
or73742,46133
or73743,46138
or73745,46139
or73752,46133
or73753,46138
or73755,46139
or73762,46133
or73763,46138
or73765,46139
or73772,46133
or73773,46138
or73775,46139
or73782,46133
or73783,46138
or73785,46139
or73792,46133
or73793,46138
or73795,46139
or73802,46133
or73803,46138
or73805,46139
or73812,46133
or73813,46138
or73815,46139
or73822,46133
or73823,46138
or73825,46139
pe2000,168
pe2001,46165
pe2005,46166
pe2010,168
pe2011,46165
pe2015,46166
pe2020,1635
pe2021,46165
pe2025,46166
pe2030,168
pe2031,46165
pe2035,46166
pe2040,1635
pe2041,46165
pe2045,46166
pe2050,1635
pe2051,46165
pe2055,46166
pe2060,1635
pe2061,46165
pe2065,46166
pe2070,1635
pe2071,46165
pe2075,46166
TL900,1604
tr01720,169
tr01721,161
tr01722,169
tr01723,161
tr01725,169
tr01730,169
tr01740,169
tr40001,1471
tr40004,906
tr40011,1471
tr40014,906
tr40021,1471
tr40024,906
tr40031,1471
tr40034,906
tr40041,1471
tr40044,906
tr5000,60
tr5001,0
tr5005,0
tr5010,60
tr5015,0
TR65000,154
tw520,154
tw530,154
UV0490,1605
UV0500,1605
UV0510,1605
UV0520,1605
UV0530,1605
ws00780,187
ws00781,20010
ws00785,19824
ws00790,183
ws00791,1663
ws03870,7441
ws03871,34512
ws03875,906
ws04500,745
ws04501,503
ws04502,745
ws04503,503
ws04505,34511
ws06410,168
ws06411,1658
ws06415,1659
ws06545,33010
ws06651,33011
ws06652,33010
ws06653,33011
ws06655,46210
ws06661,33011
ws06662,33010
ws06665,46210
ws07020,46042
ws07021,46043
ws07025,46066
ws07030,46042
ws07031,46043
ws07035,46066
ws07040,46042
ws07041,46043
ws07045,46066
ws07050,46042
ws07051,46043
ws07055,46066
ws20490,46100
ws20491,6955
ws20495,5922
ws20501,17001
ws20505,16817
ws20632,183
ws20633,1663
ws2681,1463
ws2682,0
ws2683,1463
ws2693,1463
ws2695,1461
ws3041,8079
ws3052,51
ws3053,8079
ws35060,46178
ws35061,46180
ws35065,46181
ws35070,46178
ws35071,46180
ws35075,46181
ws4270,11879
ws4271,11817
ws4390,1464
ws4391,1465
ws4395,1466
ws4400,1464
ws4401,1465
ws4402,1464
ws4403,1465
ws4405,1466
ws4410,1464
ws4411,1465
ws4412,1464
ws4413,1465
ws4415,1466
ws4420,1464
ws4421,1465
ws4422,1464
ws4423,1465
ws4425,1466
ws51830,10285
ws51831,1658
ws51835,1659
ws51840,10285
ws51841,1658
ws51845,1969
ws51850,10285
ws51851,1658
ws51855,1659
ws52191,0
ws54192,6958
ws54193,6961
ws54445,6960
ws62920,1470
ws62930,34084
ws62940,34084
ws62950,34084
ws63060,33002
ws63061,34510
ws63062,33002
ws63063,34510
ws63065,34511
ws63070,33002
ws63071,34510
ws63072,33002
ws63073,34510
ws63075,34511
ws63450,34084
ws63450,34084
ws63460,34084
ws63470,34084
ws63480,34084
ws63490,34084
ws63790,34084
ws63800,34084
ws63810,34084
ws81000,21950
ws81001,8147
ws81002,25741
ws81003,8147
ws81005,8147
ws81010,21950
ws81011,8147
ws81012,25741
ws81013,8147
ws81015,8147
ws81020,21950
ws81021,8147
ws81022,21950
ws81023,8147
ws81025,8147
ws81030,21950
ws81031,8147
ws81032,21950
ws81033,8147
ws81035,8147
wsc03460,745
wsc03461,34510
wsc03462,745
wsc03463,34510
wsc03465,34511
wsc03470,745
YD10030,1963
bb200,46231
BD1000,8209
BD1010,8209
BD1012,8209
BD1020,8209
BD1022,8209
BD1030,8209
BD1032,8209
BD1040,24605
BD1050,24605
BD1190,46195
BD1192,401
BD1196,46195
BD1280,46195
BD2500,23532
BD2510,23532
BD2520,23532
BD860,1653
BD870,1653
bn08000,46211
bn08010,46211
bn08020,46211
bn08030,46211
bn08040,46211
bn08050,46211
bn08060,46211
bn08070,46211
bn08080,46211
cb00220,121
cb00230,121
cb00240,155
cb00250,121
cb3030,159
cb3040,1653
cb3050,1653
cb3060,1653
cb3070,1653
cb3080,1653
cb3090,1653
cb3100,1653
cb3130,1653
cb3160,1653
cb3170,1653
cb3180,1653
cb3190,1653
cb3200,1653
cb3210,1653
cb3220,1653
cb3230,1653
cb3350,168
cb3360,168
cb3370,168
cb3680,10285
cb41800,121
cb42920,1653
mk3210,9737
mk3220,9737
mk3230,1972
mk3240,1972
mk3250,1972
mk3260,1972
mk3270,1972
mk3280,1972
mk3290,9737
mk3300,1972
mk3310,1972
mk40860,6521
mk40862,6885
mk40863,7937
mk40865,7936
mk40870,6521
mk40872,6885
mk40873,7937
mk40875,7936
mk40880,6521
mk40882,6885
mk40883,7937
mk40885,7936
mk40890,6521
mk40892,6885
mk40893,7937
mk40895,7936
mk40900,6521
mk40902,6885
mk40903,7937
mk40905,7936
mk40910,6521
mk40912,6885
mk40913,7937
mk40915,7936
mk70970,22964
mk70972,22964
mk70980,22964
mk70982,22964
mk70990,1291
mk70992,1291
mk70994,1609
mk70995,1609
na190,275
na2800,159
na5000,1967
na5002,1967
na5010,1967
na5012,1967
na5020,1967
na5022,1967
na5032,401
na5040,159
na6000,1967
na6002,1967
na6010,1967
na6012,1967
na6020,1967
na6022,1967
na6030,1653
na6032,1967
na6040,1967
na6042,1967
na6500,1653
na6502,1653
na6510,1653
na6512,1653
na6520,1967
na6522,1967
na6530,1967
na6532,1967
na6540,1967
na6542,1967
na6550,1967
na6552,1967
nv1082,401
nv1562,401
nv342,21949
nv982,31137
nv988,31137
og01000,281
og01010,281
og01020,281
og01030,281
og01040,281
og01050,281
og01060,281
og01070,281
og01080,281
og01090,281
og07000,281
og07010,281
og07020,281
og07030,281
og07040,281
og07050,281
og07060,281
og07070,281
og07080,281
og07090,281
og07100,281
og08010,281
og08020,281
og08030,281
og08040,281
og08050,281
og08060,281
og08070,281
og08080,281
og08090,281
og09000,281
og09010,281
og09020,281
og09030,281
og09040,281
og09050,281
og09060,281
og09070,281
og09080,281
og09090,281
og10000,281
og10010,281
og10020,281
og10030,281
og10050,281
og10060,281
og10070,281
og10080,281
og10090,281
og10100,281
og10110,281
og10120,281
og10130,281
og10140,281
og10150,281
og10160,281
og11070,281
og11080,281
og11090,281
og12000,281
og12010,281
og12020,281
og12030,281
og12040,281
og12050,281
og12060,281
og12070,281
og12080,281
og12090,281
og13000,281
og13010,281
og13020,281
og13030,281
og13040,281
og13050,281
og13060,281
og13070,281
og13080,281
og13090,281
og14000,281
og14010,281
og14020,281
og14030,281
og14040,281
og14050,281
og14060,281
og14070,281
og14080,281
og14090,281
og15000,281
og15010,281
og15020,281
og15030,281
og15040,281
og15050,281
og15060,281
og15070,281
og15080,281
og15090,281
og16000,281
og16010,281
og16020,281
og16030,281
og16040,281
og16050,281
og16060,281
og16070,281
og16080,281
og16090,281
og17000,281
og17010,281
og17020,281
og17030,281
og17040,281
og17050,281
og17060,281
og17070,281
og17080,281
og17090,281
og18000,281
og18010,281
og18020,281
og18030,281
og18040,281
og18050,281
og18060,281
og18070,281
og18080,281
og18090,281
og19000,281
og19010,281
og19020,281
og19030,281
og19040,281
og19050,281
og19060,281
og19070,281
og19080,281
og19090,281
og19100,281
og19110,281
og19120,281
og19130,281
og19140,281
og19150,281
og19160,281
og19170,281
og19180,281
or11000,27699
or11020,27699
or11030,27699
or11040,27699
or11050,27699
or11060,27699
or11070,27699
or11080,27699
or25350,1458
or25600,187
or25610,185
or25620,185
or25630,185
or25640,22016
or27222,21880
or27242,21880
or30000,183
or30002,183
or30010,183
or30012,183
or30020,183
or30022,183
or30030,183
or30032,183
or30040,183
or30042,183
or30050,183
or30052,183
or30060,183
or30062,183
or30070,183
or30080,183
or30090,183
or30100,183
or30110,183
or30112,183
or30120,183
or30130,183
or30132,183
or30140,183
or30150,183
or30160,183
or30170,183
or30180,60
or30190,60
or30200,183
or47500,86
or47510,86
or47520,86
or47530,86
or47540,86
or47550,86
or50910,86
or50920,86
or50930,86
or50940,86
or50950,86
or50960,86
or55852,86
or55862,86
or55872,86
or55882,86
or55892,86
or55902,86
or56294,147
or59922,1963
or73712,46130
or73722,46130
or73732,46130
or73742,46130
or73752,46130
or73762,46130
or73772,46130
or73782,46130
or73792,46130
or73802,46130
or73812,46130
or73822,46130
pe2000,21625
pe2010,21625
pe2020,21625
pe2030,21625
pe2040,21625
pe2050,21625
pe2060,21625
pe2070,21625
TL900,46056
tr01720,161
tr01722,161
tr01725,161
tr01730,161
tr01740,161
TR65000,121
tw520,121
tw530,121
UV0490,1604
UV0500,1604
UV0510,1604
UV0520,1604
UV0530,1604
ws00780,185
ws00790,187
ws03870,1470
ws04500,2009
ws04502,2009
ws06410,159
ws06545,21949
ws06652,401
ws06662,401
ws07020,1653
ws07030,1653
ws07031,33011
ws07040,1653
ws07041,33011
ws07050,1653
ws07051,33011
ws20490,270
ws20632,51
ws2695,8080
ws3041,11322
ws3052,125
ws3053,11322
ws35060,46179
ws35070,46179
ws4390,46
ws4400,46
ws4402,46
ws4410,46
ws4412,46
ws4420,46
ws4422,46
ws51830,1963
ws51840,1963
ws51850,1963
ws54192,6956
ws62920,275
ws62930,46093
ws62940,46093
ws62950,46093
ws63060,2009
ws63062,2009
ws63070,2009
ws63072,2009
ws63450,46093
ws63450,46093
ws63460,46093
ws63470,46093
ws63480,46093
ws63490,46093
ws63790,46093
ws63800,46093
ws63810,46093
ws81000,70
ws81002,1963
ws81010,70
ws81012,1963
ws81020,70
ws81022,70
ws81030,70
ws81032,70
wsc03460,46
wsc03462,46
wsc03470,46
YD10030,13782
bb200,121
BD1000,46076
BD1010,46076
BD1012,46076
BD1020,46076
BD1022,46076
BD1030,46076
BD1032,46076
BD1050,70
BD1192,22964
BD2500,401
BD2510,401
BD2520,401
bn08000,71
bn08010,71
bn08020,71
bn08030,71
bn08040,71
bn08050,71
bn08060,71
bn08070,71
bn08080,71
cb00220,51
cb00230,51
cb00240,51
cb00250,155
cb3030,168
cb3040,69
cb3050,70
cb3060,69
cb3070,69
cb3080,1470
cb3100,69
cb3130,46195
cb3160,46195
cb3170,46195
cb3190,46075
cb3200,69
cb3230,70
cb3680,159
cb42920,401
mk3210,22964
mk3220,22964
mk3230,70
mk3240,70
mk3250,70
mk3260,70
mk3270,70
mk3280,70
mk3290,22964
mk3300,70
mk3310,70
mk40860,6885
mk40870,6885
mk40880,6885
mk40890,6885
mk40900,6885
mk40910,6885
mk70970,34079
mk70972,34079
mk70980,34079
mk70982,34079
mk70990,31137
mk70992,31137
mk70994,1291
mk70995,1291
na190,1470
na2800,168
na5000,8143
na5002,8143
na5010,8143
na5012,8143
na5020,8143
na5022,8143
na5032,13910
na5040,1635
na6000,8143
na6002,8143
na6010,8143
na6012,8143
na6020,8143
na6022,8143
na6030,46
na6032,70
na6040,70
na6042,8143
na6500,46
na6502,46
na6510,46
na6512,46
na6520,8143
na6522,8143
na6530,8143
na6532,8143
na6540,70
na6542,70
na6550,70
na6552,70
nv1082,70
nv1562,22964
nv342,69
or11000,1470
or11020,1470
or11030,1470
or11040,1470
or11050,1470
or11060,1470
or11070,1470
or11080,1470
or25350,1459
or25600,183
or25610,187
or25620,187
or25630,187
or27222,1291
or27242,1291
or47500,47
or47510,47
or47520,47
or47530,47
or47540,47
or47550,47
or50910,47
or50920,47
or50930,47
or50940,47
or50950,47
or50960,47
or56294,83
or59922,22964
or73712,1671
or73722,1671
or73732,1671
or73742,1671
or73752,1671
or73762,1671
or73772,1671
or73782,1671
or73792,1671
or73802,1671
or73812,1671
or73822,1671
pe2000,46164
pe2010,46164
pe2020,159
pe2030,46164
pe2040,159
pe2050,159
pe2060,159
pe2070,159
tr01720,167
tr01722,167
TR65000,51
tw520,51
tw530,51
ws00780,183
ws03870,46
ws06410,13910
ws06545,69
ws06652,70
ws06662,22964
ws07020,21949
ws07030,21950
ws07040,21950
ws07050,21950
ws20490,151
ws35060,275
ws4390,69
ws4400,69
ws4402,69
ws4410,69
ws4412,69
ws4420,70
ws4422,148
ws51830,159
ws51840,159
ws51850,159
ws54192,70
ws62920,10709
ws62930,21950
ws62940,21950
ws62950,25931
ws63450,21949
ws63450,21949
ws63460,21949
ws63470,21950
ws63480,25931
ws63490,21950
ws63790,25931
ws63800,21950
ws63810,21950
ws81000,1653
ws81002,8146
ws81010,1653
ws81012,8146
ws81020,1653
ws81022,1653
ws81030,1653
ws81032,1653
wsc03460,148
wsc03462,148
wsc03470,148
YD10030,22964
bb200,51
BD1050,10710
cb00250,51
cb3040,21949
cb3050,21950
cb3060,21949
cb3070,21949
cb3100,21949
cb3130,51
cb3160,51
cb3170,51
cb3190,174
cb3200,21949
cb3230,21950
cb42920,22964
mk3210,9736
mk3220,9736
mk3230,14475
mk3240,14475
mk3250,14475
mk3260,14475
mk3270,14475
mk3280,14475
mk3290,9736
mk3300,14475
mk3310,14475
mk40860,171
mk40870,171
mk40880,171
mk40890,171
mk40900,171
mk40910,171
mk70970,46075
mk70972,46075
mk70980,46075
mk70982,46075
na190,13909
na5000,1963
na5002,1963
na5010,1963
na5012,1963
na5020,1963
na5022,1963
na5032,159
na6000,401
na6002,401
na6010,401
na6012,401
na6020,401
na6022,401
na6030,69
na6032,21950
na6040,8143
na6042,1963
na6500,69
na6502,69
na6510,69
na6512,69
na6520,401
na6522,401
na6530,401
na6532,401
na6540,21950
na6542,8143
na6550,21950
na6552,8143
nv1082,14476
nv1562,46211
nv342,8213
or11000,275
or11020,275
or11030,275
or11040,275
or11050,275
or11060,275
or11070,275
or11080,275
or25610,183
or25620,183
or25630,183
or27222,31137
or27242,31137
or56294,148
or59922,7951
pe2000,159
pe2010,159
pe2020,46164
pe2030,159
pe2040,46164
pe2050,46164
pe2060,46164
pe2070,46164
ws03870,275
ws06410,10285
ws06545,8213
ws06652,14476
ws06662,46195
ws07020,69
ws07030,70
ws07040,70
ws07050,70
ws20490,187
ws4390,148
ws4400,148
ws4402,148
ws4410,148
ws4412,148
ws4420,148
ws4422,260
ws51830,168
ws51840,168
ws51850,13910
ws54192,21950
ws62930,25931
ws62940,25931
ws62950,1470
ws63450,25931
ws63450,25931
ws63460,25931
ws63470,25931
ws63480,1470
ws63490,25931
ws63800,25931
ws63810,25931
ws81000,7694
ws81002,22964
ws81010,7694
ws81012,22964
ws81020,7694
ws81022,7694
ws81030,7694
ws81032,7694
wsc03460,260
wsc03462,260
wsc03470,260
cb42920,31458
mk3210,13352
mk3220,13352
mk3230,6583
mk3240,6583
mk3250,6583
mk3260,6583
mk3270,6583
mk3280,6583
mk3290,13352
mk3300,6583
mk3310,6583
mk70970,46085
mk70972,46085
mk70980,46085
mk70982,46085
na190,46226
na5000,13782
na5002,13782
na5010,13782
na5012,13782
na5020,13782
na5022,13782
na5032,10285
na6000,13782
na6002,13782
na6010,13782
na6012,13782
na6020,13782
na6022,13782
na6030,8213
na6032,14476
na6040,401
na6042,13782
na6500,8213
na6502,401
na6510,8213
na6512,401
na6520,13782
na6522,13782
na6530,13782
na6532,13782
na6540,14476
na6542,401
na6550,14476
na6552,401
nv1082,21950
nv1562,71
nv342,401
or56294,46
or59922,46195
pe2000,10285
pe2010,10285
pe2020,10285
pe2030,10285
pe2040,10285
pe2050,10285
pe2060,10285
pe2070,10285
ws06545,401
ws06652,21950
ws07030,33010
ws07040,33010
ws07050,33010
ws20490,894
ws4390,260
ws4400,260
ws4402,260
ws4410,260
ws4412,260
ws4420,260
ws4422,6041
ws51830,13910
ws51840,13910
ws51850,1635
ws62930,70
ws62940,70
ws62950,275
ws63450,69
ws63450,69
ws63460,69
ws63470,71
ws63480,275
ws63490,71
ws63800,71
ws63810,71
ws81000,21056
ws81002,70
ws81010,21056
ws81012,70
ws81020,21056
ws81022,21056
ws81030,21056
ws81032,21056
wsc03460,69
wsc03462,69
wsc03470,70
mk3210,401
mk3220,401
mk3230,4011
mk3240,4011
mk3250,4011
mk3260,4011
mk3270,4011
mk3280,4011
mk3290,401
mk3300,4011
mk3310,4011
mk70970,174
mk70972,174
mk70980,174
mk70982,174
na5000,13905
na5002,13905
na5010,13905
na5012,13905
na5020,13905
na5022,13905
na6000,22964
na6002,22964
na6010,22964
na6012,22964
na6020,22964
na6022,22964
na6030,21949
na6032,8143
na6040,13782
na6042,13905
na6500,21949
na6502,22964
na6510,21949
na6512,22964
na6520,22964
na6522,22964
na6530,22964
na6532,22964
na6540,8143
na6542,13782
na6550,8143
na6552,13782
nv1082,22964
nv342,22964
or56294,7260
pe2000,46214
pe2010,46214
pe2020,46214
pe2030,46214
pe2040,46214
pe2050,46214
pe2060,46214
pe2070,46214
ws06545,22964
ws06652,14478
ws20490,60
ws4390,6041
ws4400,6041
ws4402,6041
ws4410,6041
ws4412,6041
ws4420,6041
ws4422,70
ws63470,46106
ws63490,46106
ws63800,46106
ws63810,46106
ws81000,11508
ws81002,14476
ws81010,11508
ws81012,14476
ws81020,11508
ws81022,11508
ws81030,11508
ws81032,11508
wsc03460,8211
wsc03462,8211
wsc03470,14475
mk3210,34578
mk3220,34578
mk3230,6891
mk3240,6891
mk3250,6891
mk3260,6891
mk3270,6891
mk3280,6891
mk3290,34578
mk3300,6891
mk3310,6891
na5000,22964
na5002,22964
na5010,22964
na5012,22964
na5020,22964
na5022,22964
na6000,46195
na6002,46195
na6010,46195
na6012,46195
na6020,46075
na6022,46075
na6030,46224
na6032,401
na6040,22964
na6042,14476
na6500,401
na6502,1967
na6510,401
na6512,1967
na6540,401
na6542,22964
na6550,401
na6552,22964
nv342,10709
or56294,14479
ws06652,22964
ws4420,10831
ws4422,10831
ws81000,46222
ws81030,46222
wsc03460,171
wsc03462,171
wsc03470,171
mk3210,2015
mk3220,2015
mk3230,6885
mk3240,6885
mk3250,6885
mk3260,6885
mk3270,6885
mk3280,6885
mk3290,2015
mk3300,6885
mk3310,6885
na5000,46195
na5020,8213
na6000,46225
na6010,46225
na6020,46085
na6030,401
na6032,13782
na6042,22964
na6500,22964
na6502,8143
na6510,22964
na6512,8143
na6540,13782
na6550,13782
or56294,24605
wsc03470,46222
mk3210,1972
mk3220,1972
mk3230,46
mk3240,46
mk3250,46
mk3260,46
mk3270,46
mk3280,46
mk3290,1972
mk3300,46
mk3310,46
na6020,174
na6030,22964
na6042,21950
na6500,1967
na6502,13782
na6510,1967
na6512,13782
na6540,22964
na6550,22964
or56294,46223
mk3210,70
mk3220,70
mk3290,70
na6030,1967
na6042,70
na6500,8143
na6510,8143
mk3210,14475
mk3220,14475
mk3290,14475
na6030,8143
na6500,13782
na6510,13782
mk3210,6583
mk3220,6583
mk3290,6583
na6030,13782
mk3210,4011
mk3220,4011
mk3290,4011
mk3210,6891
mk3220,6891
mk3290,6891
mk3210,6885
mk3220,6885
mk3290,6885
mk3210,46
mk3220,46
mk3290,46
